lat,lon,fao,is_eez
-87.5,-177.5,,0
-87.5,-172.5,,0
-87.5,-167.5,,0
-87.5,-162.5,,0
-87.5,-157.5,,0
-87.5,-152.5,,0
-87.5,-147.5,,0
-87.5,-142.5,,0
-87.5,-137.5,,0
-87.5,-132.5,,0
-87.5,-127.5,,0
-87.5,-122.5,,0
-87.5,-117.5,,0
-87.5,-112.5,,0
-87.5,-107.5,,0
-87.5,-102.5,,0
-87.5,-97.5,,0
-87.5,-92.5,,0
-87.5,-87.5,,0
-87.5,-82.5,,0
-87.5,-77.5,,0
-87.5,-72.5,,0
-87.5,-67.5,,0
-87.5,-62.5,,0
-87.5,-57.5,,0
-87.5,-52.5,,0
-87.5,-47.5,,0
-87.5,-42.5,,0
-87.5,-37.5,,0
-87.5,-32.5,,0
-87.5,-27.5,,0
-87.5,-22.5,,0
-87.5,-17.5,,0
-87.5,-12.5,,0
-87.5,-7.5,,0
-87.5,-2.5,,0
-87.5,2.5,,0
-87.5,7.5,,0
-87.5,12.5,,0
-87.5,17.5,,0
-87.5,22.5,,0
-87.5,27.5,,0
-87.5,32.5,,0
-87.5,37.5,,0
-87.5,42.5,,0
-87.5,47.5,,0
-87.5,52.5,,0
-87.5,57.5,,0
-87.5,62.5,,0
-87.5,67.5,,0
-87.5,72.5,,0
-87.5,77.5,,0
-87.5,82.5,,0
-87.5,87.5,,0
-87.5,92.5,,0
-87.5,97.5,,0
-87.5,102.5,,0
-87.5,107.5,,0
-87.5,112.5,,0
-87.5,117.5,,0
-87.5,122.5,,0
-87.5,127.5,,0
-87.5,132.5,,0
-87.5,137.5,,0
-87.5,142.5,,0
-87.5,147.5,,0
-87.5,152.5,,0
-87.5,157.5,,0
-87.5,162.5,,0
-87.5,167.5,,0
-87.5,172.5,,0
-87.5,177.5,,0
-82.5,-177.5,88.0,1
-82.5,-172.5,88.0,1
-82.5,-167.5,88.0,1
-82.5,-162.5,88.0,1
-82.5,-157.5,88.0,1
-82.5,-152.5,88.0,0
-82.5,-147.5,,0
-82.5,-142.5,,0
-82.5,-137.5,,0
-82.5,-132.5,,0
-82.5,-127.5,,0
-82.5,-122.5,,0
-82.5,-117.5,,0
-82.5,-112.5,,0
-82.5,-107.5,,0
-82.5,-102.5,,0
-82.5,-97.5,,0
-82.5,-92.5,,0
-82.5,-87.5,,0
-82.5,-82.5,,0
-82.5,-77.5,,0
-82.5,-72.5,,0
-82.5,-67.5,,0
-82.5,-62.5,,0
-82.5,-57.5,48.0,1
-82.5,-52.5,,0
-82.5,-47.5,,0
-82.5,-42.5,,0
-82.5,-37.5,,0
-82.5,-32.5,,0
-82.5,-27.5,,0
-82.5,-22.5,,0
-82.5,-17.5,,0
-82.5,-12.5,,0
-82.5,-7.5,,0
-82.5,-2.5,,0
-82.5,2.5,,0
-82.5,7.5,,0
-82.5,12.5,,0
-82.5,17.5,,0
-82.5,22.5,,0
-82.5,27.5,,0
-82.5,32.5,,0
-82.5,37.5,,0
-82.5,42.5,,0
-82.5,47.5,,0
-82.5,52.5,,0
-82.5,57.5,,0
-82.5,62.5,,0
-82.5,67.5,,0
-82.5,72.5,,0
-82.5,77.5,,0
-82.5,82.5,,0
-82.5,87.5,,0
-82.5,92.5,,0
-82.5,97.5,,0
-82.5,102.5,,0
-82.5,107.5,,0
-82.5,112.5,,0
-82.5,117.5,,0
-82.5,122.5,,0
-82.5,127.5,,0
-82.5,132.5,,0
-82.5,137.5,,0
-82.5,142.5,,0
-82.5,147.5,,0
-82.5,152.5,,0
-82.5,157.5,,0
-82.5,162.5,,1
-82.5,167.5,88.0,1
-82.5,172.5,88.0,1
-82.5,177.5,88.0,1
-77.5,-177.5,88.0,1
-77.5,-172.5,88.0,1
-77.5,-167.5,88.0,1
-77.5,-162.5,88.0,1
-77.5,-157.5,,0
-77.5,-152.5,,1
-77.5,-147.5,,0
-77.5,-142.5,,0
-77.5,-137.5,,0
-77.5,-132.5,,0
-77.5,-127.5,,0
-77.5,-122.5,,0
-77.5,-117.5,,0
-77.5,-112.5,,0
-77.5,-107.5,,0
-77.5,-102.5,,0
-77.5,-97.5,,0
-77.5,-92.5,,0
-77.5,-87.5,,0
-77.5,-82.5,,0
-77.5,-77.5,,1
-77.5,-72.5,48.0,0
-77.5,-67.5,48.0,1
-77.5,-62.5,48.0,1
-77.5,-57.5,48.0,1
-77.5,-52.5,48.0,1
-77.5,-47.5,48.0,1
-77.5,-42.5,48.0,1
-77.5,-37.5,48.0,1
-77.5,-32.5,,0
-77.5,-27.5,,0
-77.5,-22.5,,0
-77.5,-17.5,,0
-77.5,-12.5,,0
-77.5,-7.5,,0
-77.5,-2.5,,0
-77.5,2.5,,0
-77.5,7.5,,0
-77.5,12.5,,0
-77.5,17.5,,0
-77.5,22.5,,0
-77.5,27.5,,0
-77.5,32.5,,0
-77.5,37.5,,0
-77.5,42.5,,0
-77.5,47.5,,0
-77.5,52.5,,0
-77.5,57.5,,0
-77.5,62.5,,0
-77.5,67.5,,0
-77.5,72.5,,0
-77.5,77.5,,0
-77.5,82.5,,0
-77.5,87.5,,0
-77.5,92.5,,0
-77.5,97.5,,0
-77.5,102.5,,0
-77.5,107.5,,0
-77.5,112.5,,0
-77.5,117.5,,0
-77.5,122.5,,0
-77.5,127.5,,0
-77.5,132.5,,0
-77.5,137.5,,0
-77.5,142.5,,0
-77.5,147.5,,0
-77.5,152.5,,0
-77.5,157.5,,0
-77.5,162.5,,0
-77.5,167.5,,0
-77.5,172.5,88.0,1
-77.5,177.5,88.0,1
-72.5,-177.5,88.0,0
-72.5,-172.5,88.0,0
-72.5,-167.5,88.0,0
-72.5,-162.5,88.0,0
-72.5,-157.5,88.0,0
-72.5,-152.5,88.0,0
-72.5,-147.5,88.0,1
-72.5,-142.5,88.0,1
-72.5,-137.5,88.0,1
-72.5,-132.5,88.0,1
-72.5,-127.5,88.0,1
-72.5,-122.5,88.0,1
-72.5,-117.5,88.0,1
-72.5,-112.5,88.0,1
-72.5,-107.5,88.0,1
-72.5,-102.5,88.0,1
-72.5,-97.5,,1
-72.5,-92.5,88.0,1
-72.5,-87.5,88.0,1
-72.5,-82.5,88.0,1
-72.5,-77.5,88.0,1
-72.5,-72.5,,0
-72.5,-67.5,48.0,1
-72.5,-62.5,,0
-72.5,-57.5,48.0,1
-72.5,-52.5,48.0,1
-72.5,-47.5,48.0,0
-72.5,-42.5,48.0,0
-72.5,-37.5,48.0,0
-72.5,-32.5,48.0,0
-72.5,-27.5,48.0,1
-72.5,-22.5,48.0,1
-72.5,-17.5,48.0,1
-72.5,-12.5,48.0,1
-72.5,-7.5,,0
-72.5,-2.5,,0
-72.5,2.5,,0
-72.5,7.5,,0
-72.5,12.5,,0
-72.5,17.5,,0
-72.5,22.5,,0
-72.5,27.5,,0
-72.5,32.5,,0
-72.5,37.5,,0
-72.5,42.5,,0
-72.5,47.5,,0
-72.5,52.5,,0
-72.5,57.5,,0
-72.5,62.5,,0
-72.5,67.5,,0
-72.5,72.5,,0
-72.5,77.5,,0
-72.5,82.5,,0
-72.5,87.5,,0
-72.5,92.5,,0
-72.5,97.5,,0
-72.5,102.5,,0
-72.5,107.5,,0
-72.5,112.5,,0
-72.5,117.5,,0
-72.5,122.5,,0
-72.5,127.5,,0
-72.5,132.5,,0
-72.5,137.5,,0
-72.5,142.5,,0
-72.5,147.5,,0
-72.5,152.5,,0
-72.5,157.5,,0
-72.5,162.5,,0
-72.5,167.5,,0
-72.5,172.5,88.0,1
-72.5,177.5,88.0,1
-67.5,-177.5,88.0,0
-67.5,-172.5,88.0,0
-67.5,-167.5,88.0,0
-67.5,-162.5,88.0,0
-67.5,-157.5,88.0,0
-67.5,-152.5,88.0,0
-67.5,-147.5,88.0,0
-67.5,-142.5,88.0,0
-67.5,-137.5,88.0,0
-67.5,-132.5,88.0,0
-67.5,-127.5,88.0,0
-67.5,-122.5,88.0,0
-67.5,-117.5,88.0,0
-67.5,-112.5,88.0,0
-67.5,-107.5,88.0,0
-67.5,-102.5,88.0,0
-67.5,-97.5,88.0,1
-67.5,-92.5,88.0,1
-67.5,-87.5,88.0,1
-67.5,-82.5,88.0,1
-67.5,-77.5,88.0,1
-67.5,-72.5,88.0,1
-67.5,-67.5,,0
-67.5,-62.5,48.0,1
-67.5,-57.5,48.0,1
-67.5,-52.5,48.0,0
-67.5,-47.5,48.0,0
-67.5,-42.5,48.0,0
-67.5,-37.5,48.0,0
-67.5,-32.5,48.0,0
-67.5,-27.5,48.0,0
-67.5,-22.5,48.0,0
-67.5,-17.5,48.0,0
-67.5,-12.5,48.0,0
-67.5,-7.5,48.0,1
-67.5,-2.5,48.0,1
-67.5,2.5,48.0,1
-67.5,7.5,48.0,1
-67.5,12.5,48.0,1
-67.5,17.5,48.0,1
-67.5,22.5,48.0,1
-67.5,27.5,48.0,1
-67.5,32.5,58.0,1
-67.5,37.5,58.0,1
-67.5,42.5,58.0,1
-67.5,47.5,58.0,1
-67.5,52.5,,0
-67.5,57.5,,0
-67.5,62.5,58.0,1
-67.5,67.5,58.0,1
-67.5,72.5,58.0,1
-67.5,77.5,58.0,1
-67.5,82.5,,1
-67.5,87.5,,0
-67.5,92.5,,0
-67.5,97.5,,0
-67.5,102.5,,0
-67.5,107.5,,0
-67.5,112.5,,0
-67.5,117.5,,0
-67.5,122.5,,0
-67.5,127.5,,0
-67.5,132.5,,0
-67.5,137.5,,0
-67.5,142.5,,0
-67.5,147.5,58.0,1
-67.5,152.5,88.0,1
-67.5,157.5,88.0,1
-67.5,162.5,88.0,1
-67.5,167.5,88.0,1
-67.5,172.5,88.0,1
-67.5,177.5,88.0,0
-62.5,-177.5,88.0,0
-62.5,-172.5,88.0,0
-62.5,-167.5,88.0,0
-62.5,-162.5,88.0,0
-62.5,-157.5,88.0,0
-62.5,-152.5,88.0,0
-62.5,-147.5,88.0,0
-62.5,-142.5,88.0,0
-62.5,-137.5,88.0,0
-62.5,-132.5,88.0,0
-62.5,-127.5,88.0,0
-62.5,-122.5,88.0,0
-62.5,-117.5,88.0,0
-62.5,-112.5,88.0,0
-62.5,-107.5,88.0,0
-62.5,-102.5,88.0,0
-62.5,-97.5,88.0,0
-62.5,-92.5,88.0,0
-62.5,-87.5,88.0,0
-62.5,-82.5,88.0,0
-62.5,-77.5,88.0,0
-62.5,-72.5,88.0,0
-62.5,-67.5,48.0,1
-62.5,-62.5,48.0,1
-62.5,-57.5,48.0,1
-62.5,-52.5,48.0,1
-62.5,-47.5,48.0,1
-62.5,-42.5,48.0,1
-62.5,-37.5,48.0,0
-62.5,-32.5,48.0,0
-62.5,-27.5,48.0,1
-62.5,-22.5,48.0,0
-62.5,-17.5,48.0,0
-62.5,-12.5,48.0,0
-62.5,-7.5,48.0,0
-62.5,-2.5,48.0,0
-62.5,2.5,48.0,0
-62.5,7.5,48.0,0
-62.5,12.5,48.0,0
-62.5,17.5,48.0,0
-62.5,22.5,48.0,0
-62.5,27.5,48.0,0
-62.5,32.5,58.0,0
-62.5,37.5,58.0,0
-62.5,42.5,58.0,0
-62.5,47.5,58.0,0
-62.5,52.5,58.0,0
-62.5,57.5,58.0,0
-62.5,62.5,58.0,0
-62.5,67.5,58.0,0
-62.5,72.5,58.0,0
-62.5,77.5,58.0,0
-62.5,82.5,58.0,0
-62.5,87.5,58.0,0
-62.5,92.5,58.0,1
-62.5,97.5,58.0,1
-62.5,102.5,58.0,1
-62.5,107.5,58.0,0
-62.5,112.5,58.0,1
-62.5,117.5,58.0,0
-62.5,122.5,58.0,0
-62.5,127.5,58.0,0
-62.5,132.5,58.0,1
-62.5,137.5,58.0,1
-62.5,142.5,58.0,0
-62.5,147.5,58.0,0
-62.5,152.5,88.0,0
-62.5,157.5,88.0,0
-62.5,162.5,88.0,0
-62.5,167.5,88.0,0
-62.5,172.5,88.0,0
-62.5,177.5,88.0,0
-57.5,-177.5,81.0,0
-57.5,-172.5,81.0,0
-57.5,-167.5,81.0,0
-57.5,-162.5,81.0,0
-57.5,-157.5,81.0,0
-57.5,-152.5,81.0,0
-57.5,-147.5,81.0,0
-57.5,-142.5,81.0,0
-57.5,-137.5,81.0,0
-57.5,-132.5,81.0,0
-57.5,-127.5,81.0,0
-57.5,-122.5,81.0,0
-57.5,-117.5,87.0,0
-57.5,-112.5,87.0,0
-57.5,-107.5,87.0,0
-57.5,-102.5,87.0,0
-57.5,-97.5,87.0,0
-57.5,-92.5,87.0,0
-57.5,-87.5,87.0,0
-57.5,-82.5,87.0,0
-57.5,-77.5,87.0,0
-57.5,-72.5,87.0,1
-57.5,-67.5,87.0,1
-57.5,-62.5,41.0,1
-57.5,-57.5,41.0,0
-57.5,-52.5,41.0,0
-57.5,-47.5,48.0,1
-57.5,-42.5,48.0,1
-57.5,-37.5,48.0,1
-57.5,-32.5,48.0,1
-57.5,-27.5,48.0,1
-57.5,-22.5,48.0,1
-57.5,-17.5,48.0,0
-57.5,-12.5,48.0,0
-57.5,-7.5,48.0,0
-57.5,-2.5,48.0,0
-57.5,2.5,48.0,0
-57.5,7.5,48.0,0
-57.5,12.5,48.0,0
-57.5,17.5,48.0,0
-57.5,22.5,48.0,0
-57.5,27.5,48.0,0
-57.5,32.5,58.0,0
-57.5,37.5,58.0,0
-57.5,42.5,58.0,0
-57.5,47.5,58.0,0
-57.5,52.5,58.0,0
-57.5,57.5,58.0,0
-57.5,62.5,58.0,0
-57.5,67.5,58.0,0
-57.5,72.5,58.0,0
-57.5,77.5,58.0,0
-57.5,82.5,58.0,0
-57.5,87.5,58.0,0
-57.5,92.5,58.0,0
-57.5,97.5,58.0,0
-57.5,102.5,58.0,0
-57.5,107.5,58.0,0
-57.5,112.5,58.0,0
-57.5,117.5,58.0,0
-57.5,122.5,58.0,0
-57.5,127.5,58.0,0
-57.5,132.5,58.0,0
-57.5,137.5,58.0,0
-57.5,142.5,58.0,0
-57.5,147.5,58.0,0
-57.5,152.5,81.0,0
-57.5,157.5,81.0,1
-57.5,162.5,81.0,1
-57.5,167.5,81.0,0
-57.5,172.5,81.0,0
-57.5,177.5,81.0,0
-52.5,-177.5,81.0,0
-52.5,-172.5,81.0,0
-52.5,-167.5,81.0,0
-52.5,-162.5,81.0,0
-52.5,-157.5,81.0,0
-52.5,-152.5,81.0,0
-52.5,-147.5,81.0,0
-52.5,-142.5,81.0,0
-52.5,-137.5,81.0,0
-52.5,-132.5,81.0,0
-52.5,-127.5,81.0,0
-52.5,-122.5,81.0,0
-52.5,-117.5,87.0,0
-52.5,-112.5,87.0,0
-52.5,-107.5,87.0,0
-52.5,-102.5,87.0,0
-52.5,-97.5,87.0,0
-52.5,-92.5,87.0,0
-52.5,-87.5,87.0,0
-52.5,-82.5,87.0,0
-52.5,-77.5,87.0,1
-52.5,-72.5,,0
-52.5,-67.5,41.0,1
-52.5,-62.5,41.0,1
-52.5,-57.5,41.0,1
-52.5,-52.5,41.0,1
-52.5,-47.5,48.0,0
-52.5,-42.5,48.0,1
-52.5,-37.5,48.0,1
-52.5,-32.5,48.0,1
-52.5,-27.5,48.0,0
-52.5,-22.5,48.0,0
-52.5,-17.5,48.0,0
-52.5,-12.5,48.0,0
-52.5,-7.5,48.0,0
-52.5,-2.5,48.0,0
-52.5,2.5,48.0,0
-52.5,7.5,48.0,0
-52.5,12.5,48.0,0
-52.5,17.5,48.0,0
-52.5,22.5,48.0,0
-52.5,27.5,48.0,0
-52.5,32.5,58.0,0
-52.5,37.5,58.0,0
-52.5,42.5,58.0,0
-52.5,47.5,58.0,0
-52.5,52.5,58.0,0
-52.5,57.5,58.0,0
-52.5,62.5,58.0,0
-52.5,67.5,58.0,1
-52.5,72.5,58.0,1
-52.5,77.5,58.0,1
-52.5,82.5,57.0,0
-52.5,87.5,57.0,0
-52.5,92.5,57.0,0
-52.5,97.5,57.0,0
-52.5,102.5,57.0,0
-52.5,107.5,57.0,0
-52.5,112.5,57.0,0
-52.5,117.5,57.0,0
-52.5,122.5,57.0,0
-52.5,127.5,57.0,0
-52.5,132.5,57.0,0
-52.5,137.5,57.0,0
-52.5,142.5,57.0,0
-52.5,147.5,57.0,0
-52.5,152.5,81.0,0
-52.5,157.5,81.0,1
-52.5,162.5,81.0,1
-52.5,167.5,81.0,1
-52.5,172.5,81.0,1
-52.5,177.5,81.0,1
-47.5,-177.5,81.0,1
-47.5,-172.5,81.0,0
-47.5,-167.5,81.0,0
-47.5,-162.5,81.0,0
-47.5,-157.5,81.0,0
-47.5,-152.5,81.0,0
-47.5,-147.5,81.0,0
-47.5,-142.5,81.0,0
-47.5,-137.5,81.0,0
-47.5,-132.5,81.0,0
-47.5,-127.5,81.0,0
-47.5,-122.5,81.0,0
-47.5,-117.5,87.0,0
-47.5,-112.5,87.0,0
-47.5,-107.5,87.0,0
-47.5,-102.5,87.0,0
-47.5,-97.5,87.0,0
-47.5,-92.5,87.0,0
-47.5,-87.5,87.0,0
-47.5,-82.5,87.0,0
-47.5,-77.5,87.0,1
-47.5,-72.5,,0
-47.5,-67.5,,0
-47.5,-62.5,41.0,1
-47.5,-57.5,41.0,0
-47.5,-52.5,41.0,0
-47.5,-47.5,41.0,0
-47.5,-42.5,41.0,0
-47.5,-37.5,41.0,0
-47.5,-32.5,41.0,0
-47.5,-27.5,41.0,0
-47.5,-22.5,41.0,0
-47.5,-17.5,47.0,0
-47.5,-12.5,47.0,0
-47.5,-7.5,47.0,0
-47.5,-2.5,47.0,0
-47.5,2.5,47.0,0
-47.5,7.5,47.0,0
-47.5,12.5,47.0,0
-47.5,17.5,47.0,0
-47.5,22.5,47.0,0
-47.5,27.5,47.0,0
-47.5,32.5,58.0,0
-47.5,37.5,58.0,1
-47.5,42.5,58.0,1
-47.5,47.5,58.0,1
-47.5,52.5,58.0,1
-47.5,57.5,58.0,0
-47.5,62.5,58.0,0
-47.5,67.5,58.0,1
-47.5,72.5,58.0,1
-47.5,77.5,58.0,0
-47.5,82.5,57.0,0
-47.5,87.5,57.0,0
-47.5,92.5,57.0,0
-47.5,97.5,57.0,0
-47.5,102.5,57.0,0
-47.5,107.5,57.0,0
-47.5,112.5,57.0,0
-47.5,117.5,57.0,0
-47.5,122.5,57.0,0
-47.5,127.5,57.0,0
-47.5,132.5,57.0,0
-47.5,137.5,57.0,0
-47.5,142.5,57.0,0
-47.5,147.5,57.0,0
-47.5,152.5,81.0,0
-47.5,157.5,81.0,0
-47.5,162.5,81.0,1
-47.5,167.5,81.0,1
-47.5,172.5,81.0,1
-47.5,177.5,81.0,1
-42.5,-177.5,81.0,1
-42.5,-172.5,81.0,1
-42.5,-167.5,81.0,0
-42.5,-162.5,81.0,0
-42.5,-157.5,81.0,0
-42.5,-152.5,81.0,0
-42.5,-147.5,81.0,0
-42.5,-142.5,81.0,0
-42.5,-137.5,81.0,0
-42.5,-132.5,81.0,0
-42.5,-127.5,81.0,0
-42.5,-122.5,81.0,0
-42.5,-117.5,87.0,0
-42.5,-112.5,87.0,0
-42.5,-107.5,87.0,0
-42.5,-102.5,87.0,0
-42.5,-97.5,87.0,0
-42.5,-92.5,87.0,0
-42.5,-87.5,87.0,0
-42.5,-82.5,87.0,0
-42.5,-77.5,87.0,1
-42.5,-72.5,,0
-42.5,-67.5,,0
-42.5,-62.5,41.0,1
-42.5,-57.5,41.0,0
-42.5,-52.5,41.0,0
-42.5,-47.5,41.0,0
-42.5,-42.5,41.0,0
-42.5,-37.5,41.0,0
-42.5,-32.5,41.0,0
-42.5,-27.5,41.0,0
-42.5,-22.5,41.0,0
-42.5,-17.5,47.0,0
-42.5,-12.5,47.0,1
-42.5,-7.5,47.0,1
-42.5,-2.5,47.0,0
-42.5,2.5,47.0,0
-42.5,7.5,47.0,0
-42.5,12.5,47.0,0
-42.5,17.5,47.0,0
-42.5,22.5,47.0,0
-42.5,27.5,47.0,0
-42.5,32.5,51.0,0
-42.5,37.5,51.0,0
-42.5,42.5,51.0,0
-42.5,47.5,51.0,0
-42.5,52.5,51.0,0
-42.5,57.5,51.0,0
-42.5,62.5,51.0,0
-42.5,67.5,51.0,0
-42.5,72.5,51.0,0
-42.5,77.5,51.0,0
-42.5,82.5,57.0,0
-42.5,87.5,57.0,0
-42.5,92.5,57.0,0
-42.5,97.5,57.0,0
-42.5,102.5,57.0,0
-42.5,107.5,57.0,0
-42.5,112.5,57.0,0
-42.5,117.5,57.0,0
-42.5,122.5,57.0,0
-42.5,127.5,57.0,0
-42.5,132.5,57.0,0
-42.5,137.5,57.0,0
-42.5,142.5,57.0,1
-42.5,147.5,,0
-42.5,152.5,81.0,1
-42.5,157.5,81.0,0
-42.5,162.5,81.0,0
-42.5,167.5,81.0,1
-42.5,172.5,,0
-42.5,177.5,81.0,1
-37.5,-177.5,81.0,1
-37.5,-172.5,81.0,0
-37.5,-167.5,81.0,0
-37.5,-162.5,81.0,0
-37.5,-157.5,81.0,0
-37.5,-152.5,81.0,0
-37.5,-147.5,81.0,0
-37.5,-142.5,81.0,0
-37.5,-137.5,81.0,0
-37.5,-132.5,81.0,0
-37.5,-127.5,81.0,0
-37.5,-122.5,81.0,0
-37.5,-117.5,87.0,0
-37.5,-112.5,87.0,0
-37.5,-107.5,87.0,0
-37.5,-102.5,87.0,0
-37.5,-97.5,87.0,0
-37.5,-92.5,87.0,0
-37.5,-87.5,87.0,0
-37.5,-82.5,87.0,0
-37.5,-77.5,87.0,1
-37.5,-72.5,,0
-37.5,-67.5,,0
-37.5,-62.5,,0
-37.5,-57.5,,0
-37.5,-52.5,41.0,1
-37.5,-47.5,41.0,0
-37.5,-42.5,41.0,0
-37.5,-37.5,41.0,0
-37.5,-32.5,41.0,0
-37.5,-27.5,41.0,0
-37.5,-22.5,41.0,0
-37.5,-17.5,47.0,0
-37.5,-12.5,47.0,1
-37.5,-7.5,47.0,0
-37.5,-2.5,47.0,0
-37.5,2.5,47.0,0
-37.5,7.5,47.0,0
-37.5,12.5,47.0,0
-37.5,17.5,47.0,1
-37.5,22.5,47.0,1
-37.5,27.5,47.0,0
-37.5,32.5,51.0,0
-37.5,37.5,51.0,0
-37.5,42.5,51.0,0
-37.5,47.5,51.0,0
-37.5,52.5,51.0,0
-37.5,57.5,51.0,0
-37.5,62.5,51.0,0
-37.5,67.5,51.0,0
-37.5,72.5,51.0,0
-37.5,77.5,51.0,1
-37.5,82.5,57.0,0
-37.5,87.5,57.0,0
-37.5,92.5,57.0,0
-37.5,97.5,57.0,0
-37.5,102.5,57.0,0
-37.5,107.5,57.0,0
-37.5,112.5,57.0,0
-37.5,117.5,57.0,1
-37.5,122.5,57.0,1
-37.5,127.5,57.0,0
-37.5,132.5,57.0,1
-37.5,137.5,57.0,1
-37.5,142.5,,0
-37.5,147.5,,0
-37.5,152.5,81.0,1
-37.5,157.5,81.0,0
-37.5,162.5,81.0,0
-37.5,167.5,81.0,0
-37.5,172.5,81.0,1
-37.5,177.5,81.0,1
-32.5,-177.5,81.0,1
-32.5,-172.5,81.0,0
-32.5,-167.5,81.0,0
-32.5,-162.5,81.0,0
-32.5,-157.5,81.0,0
-32.5,-152.5,81.0,0
-32.5,-147.5,81.0,0
-32.5,-142.5,81.0,0
-32.5,-137.5,81.0,0
-32.5,-132.5,81.0,0
-32.5,-127.5,81.0,0
-32.5,-122.5,81.0,0
-32.5,-117.5,87.0,0
-32.5,-112.5,87.0,0
-32.5,-107.5,87.0,0
-32.5,-102.5,87.0,0
-32.5,-97.5,87.0,0
-32.5,-92.5,87.0,0
-32.5,-87.5,87.0,0
-32.5,-82.5,87.0,1
-32.5,-77.5,87.0,1
-32.5,-72.5,87.0,1
-32.5,-67.5,,0
-32.5,-62.5,,0
-32.5,-57.5,,0
-32.5,-52.5,,0
-32.5,-47.5,41.0,1
-32.5,-42.5,41.0,0
-32.5,-37.5,41.0,0
-32.5,-32.5,41.0,0
-32.5,-27.5,41.0,0
-32.5,-22.5,41.0,0
-32.5,-17.5,47.0,0
-32.5,-12.5,47.0,0
-32.5,-7.5,47.0,0
-32.5,-2.5,47.0,0
-32.5,2.5,47.0,0
-32.5,7.5,47.0,0
-32.5,12.5,47.0,0
-32.5,17.5,47.0,1
-32.5,22.5,,0
-32.5,27.5,,0
-32.5,32.5,51.0,1
-32.5,37.5,51.0,0
-32.5,42.5,51.0,0
-32.5,47.5,51.0,0
-32.5,52.5,51.0,0
-32.5,57.5,51.0,0
-32.5,62.5,51.0,0
-32.5,67.5,51.0,0
-32.5,72.5,51.0,0
-32.5,77.5,51.0,0
-32.5,82.5,57.0,0
-32.5,87.5,57.0,0
-32.5,92.5,57.0,0
-32.5,97.5,57.0,0
-32.5,102.5,57.0,0
-32.5,107.5,57.0,0
-32.5,112.5,57.0,1
-32.5,117.5,,0
-32.5,122.5,,0
-32.5,127.5,57.0,1
-32.5,132.5,57.0,1
-32.5,137.5,,0
-32.5,142.5,,0
-32.5,147.5,,0
-32.5,152.5,81.0,1
-32.5,157.5,81.0,1
-32.5,162.5,81.0,1
-32.5,167.5,81.0,0
-32.5,172.5,81.0,1
-32.5,177.5,81.0,1
-27.5,-177.5,81.0,1
-27.5,-172.5,81.0,0
-27.5,-167.5,81.0,0
-27.5,-162.5,81.0,0
-27.5,-157.5,81.0,0
-27.5,-152.5,81.0,0
-27.5,-147.5,81.0,1
-27.5,-142.5,81.0,1
-27.5,-137.5,81.0,0
-27.5,-132.5,81.0,1
-27.5,-127.5,81.0,1
-27.5,-122.5,81.0,0
-27.5,-117.5,87.0,0
-27.5,-112.5,87.0,1
-27.5,-107.5,87.0,1
-27.5,-102.5,87.0,1
-27.5,-97.5,87.0,0
-27.5,-92.5,87.0,0
-27.5,-87.5,87.0,0
-27.5,-82.5,87.0,1
-27.5,-77.5,87.0,1
-27.5,-72.5,87.0,1
-27.5,-67.5,,0
-27.5,-62.5,,0
-27.5,-57.5,,0
-27.5,-52.5,,0
-27.5,-47.5,41.0,1
-27.5,-42.5,41.0,0
-27.5,-37.5,41.0,0
-27.5,-32.5,41.0,0
-27.5,-27.5,41.0,0
-27.5,-22.5,41.0,0
-27.5,-17.5,47.0,0
-27.5,-12.5,47.0,0
-27.5,-7.5,47.0,0
-27.5,-2.5,47.0,0
-27.5,2.5,47.0,0
-27.5,7.5,47.0,0
-27.5,12.5,47.0,1
-27.5,17.5,,0
-27.5,22.5,,0
-27.5,27.5,,0
-27.5,32.5,,0
-27.5,37.5,51.0,0
-27.5,42.5,51.0,1
-27.5,47.5,51.0,1
-27.5,52.5,51.0,0
-27.5,57.5,51.0,0
-27.5,62.5,51.0,0
-27.5,67.5,51.0,0
-27.5,72.5,51.0,0
-27.5,77.5,51.0,0
-27.5,82.5,57.0,0
-27.5,87.5,57.0,0
-27.5,92.5,57.0,0
-27.5,97.5,57.0,0
-27.5,102.5,57.0,0
-27.5,107.5,57.0,0
-27.5,112.5,57.0,1
-27.5,117.5,,0
-27.5,122.5,,0
-27.5,127.5,,0
-27.5,132.5,,0
-27.5,137.5,,0
-27.5,142.5,,0
-27.5,147.5,,0
-27.5,152.5,,0
-27.5,157.5,81.0,1
-27.5,162.5,81.0,0
-27.5,167.5,81.0,1
-27.5,172.5,81.0,0
-27.5,177.5,81.0,0
-22.5,-177.5,71.0,1
-22.5,-172.5,77.0,1
-22.5,-167.5,77.0,0
-22.5,-162.5,77.0,1
-22.5,-157.5,77.0,1
-22.5,-152.5,77.0,1
-22.5,-147.5,77.0,1
-22.5,-142.5,77.0,1
-22.5,-137.5,77.0,1
-22.5,-132.5,77.0,1
-22.5,-127.5,77.0,1
-22.5,-122.5,77.0,1
-22.5,-117.5,87.0,0
-22.5,-112.5,87.0,0
-22.5,-107.5,87.0,0
-22.5,-102.5,87.0,0
-22.5,-97.5,87.0,0
-22.5,-92.5,87.0,0
-22.5,-87.5,87.0,0
-22.5,-82.5,87.0,0
-22.5,-77.5,87.0,0
-22.5,-72.5,87.0,1
-22.5,-67.5,,0
-22.5,-62.5,,0
-22.5,-57.5,,0
-22.5,-52.5,,0
-22.5,-47.5,,0
-22.5,-42.5,,0
-22.5,-37.5,41.0,1
-22.5,-32.5,41.0,0
-22.5,-27.5,41.0,1
-22.5,-22.5,41.0,0
-22.5,-17.5,47.0,0
-22.5,-12.5,47.0,0
-22.5,-7.5,47.0,0
-22.5,-2.5,47.0,0
-22.5,2.5,47.0,0
-22.5,7.5,47.0,0
-22.5,12.5,47.0,1
-22.5,17.5,,0
-22.5,22.5,,0
-22.5,27.5,,0
-22.5,32.5,,0
-22.5,37.5,51.0,1
-22.5,42.5,51.0,1
-22.5,47.5,,0
-22.5,52.5,51.0,1
-22.5,57.5,51.0,1
-22.5,62.5,51.0,1
-22.5,67.5,51.0,0
-22.5,72.5,51.0,0
-22.5,77.5,51.0,0
-22.5,82.5,57.0,0
-22.5,87.5,57.0,0
-22.5,92.5,57.0,0
-22.5,97.5,57.0,0
-22.5,102.5,57.0,0
-22.5,107.5,57.0,0
-22.5,112.5,57.0,1
-22.5,117.5,,0
-22.5,122.5,,0
-22.5,127.5,,0
-22.5,132.5,,0
-22.5,137.5,,0
-22.5,142.5,,0
-22.5,147.5,,0
-22.5,152.5,71.0,1
-22.5,157.5,71.0,1
-22.5,162.5,71.0,1
-22.5,167.5,71.0,1
-22.5,172.5,71.0,1
-22.5,177.5,71.0,1
-17.5,-177.5,71.0,1
-17.5,-172.5,77.0,1
-17.5,-167.5,77.0,1
-17.5,-162.5,77.0,1
-17.5,-157.5,77.0,1
-17.5,-152.5,77.0,1
-17.5,-147.5,77.0,1
-17.5,-142.5,77.0,1
-17.5,-137.5,77.0,1
-17.5,-132.5,77.0,0
-17.5,-127.5,77.0,0
-17.5,-122.5,77.0,0
-17.5,-117.5,87.0,0
-17.5,-112.5,87.0,0
-17.5,-107.5,87.0,0
-17.5,-102.5,87.0,0
-17.5,-97.5,87.0,0
-17.5,-92.5,87.0,0
-17.5,-87.5,87.0,0
-17.5,-82.5,87.0,0
-17.5,-77.5,87.0,1
-17.5,-72.5,87.0,1
-17.5,-67.5,,0
-17.5,-62.5,,0
-17.5,-57.5,,0
-17.5,-52.5,,0
-17.5,-47.5,,0
-17.5,-42.5,,0
-17.5,-37.5,41.0,1
-17.5,-32.5,41.0,0
-17.5,-27.5,41.0,1
-17.5,-22.5,41.0,0
-17.5,-17.5,47.0,0
-17.5,-12.5,47.0,0
-17.5,-7.5,47.0,1
-17.5,-2.5,47.0,0
-17.5,2.5,47.0,0
-17.5,7.5,47.0,0
-17.5,12.5,,0
-17.5,17.5,,0
-17.5,22.5,,0
-17.5,27.5,,0
-17.5,32.5,,0
-17.5,37.5,,0
-17.5,42.5,51.0,1
-17.5,47.5,,0
-17.5,52.5,51.0,1
-17.5,57.5,51.0,1
-17.5,62.5,51.0,1
-17.5,67.5,51.0,0
-17.5,72.5,51.0,0
-17.5,77.5,51.0,0
-17.5,82.5,57.0,0
-17.5,87.5,57.0,0
-17.5,92.5,57.0,0
-17.5,97.5,57.0,0
-17.5,102.5,57.0,0
-17.5,107.5,57.0,0
-17.5,112.5,57.0,0
-17.5,117.5,57.0,1
-17.5,122.5,,0
-17.5,127.5,,0
-17.5,132.5,,0
-17.5,137.5,,0
-17.5,142.5,,0
-17.5,147.5,71.0,1
-17.5,152.5,71.0,1
-17.5,157.5,71.0,1
-17.5,162.5,71.0,1
-17.5,167.5,71.0,1
-17.5,172.5,71.0,1
-17.5,177.5,71.0,1
-12.5,-177.5,71.0,1
-12.5,-172.5,77.0,1
-12.5,-167.5,77.0,1
-12.5,-162.5,77.0,1
-12.5,-157.5,77.0,0
-12.5,-152.5,77.0,1
-12.5,-147.5,77.0,1
-12.5,-142.5,77.0,1
-12.5,-137.5,77.0,1
-12.5,-132.5,77.0,0
-12.5,-127.5,77.0,0
-12.5,-122.5,77.0,0
-12.5,-117.5,87.0,0
-12.5,-112.5,87.0,0
-12.5,-107.5,87.0,0
-12.5,-102.5,87.0,0
-12.5,-97.5,87.0,0
-12.5,-92.5,87.0,0
-12.5,-87.5,87.0,0
-12.5,-82.5,87.0,0
-12.5,-77.5,87.0,1
-12.5,-72.5,,0
-12.5,-67.5,,0
-12.5,-62.5,,0
-12.5,-57.5,,0
-12.5,-52.5,,0
-12.5,-47.5,,0
-12.5,-42.5,,0
-12.5,-37.5,41.0,1
-12.5,-32.5,41.0,0
-12.5,-27.5,41.0,0
-12.5,-22.5,41.0,0
-12.5,-17.5,47.0,0
-12.5,-12.5,47.0,0
-12.5,-7.5,47.0,0
-12.5,-2.5,47.0,0
-12.5,2.5,47.0,0
-12.5,7.5,47.0,0
-12.5,12.5,47.0,1
-12.5,17.5,,0
-12.5,22.5,,0
-12.5,27.5,,0
-12.5,32.5,,0
-12.5,37.5,,0
-12.5,42.5,51.0,1
-12.5,47.5,51.0,1
-12.5,52.5,51.0,1
-12.5,57.5,51.0,1
-12.5,62.5,51.0,0
-12.5,67.5,51.0,0
-12.5,72.5,51.0,0
-12.5,77.5,51.0,0
-12.5,82.5,57.0,0
-12.5,87.5,57.0,0
-12.5,92.5,57.0,0
-12.5,97.5,57.0,1
-12.5,102.5,57.0,0
-12.5,107.5,57.0,1
-12.5,112.5,57.0,0
-12.5,117.5,57.0,1
-12.5,122.5,57.0,1
-12.5,127.5,57.0,1
-12.5,132.5,,0
-12.5,137.5,71.0,1
-12.5,142.5,,0
-12.5,147.5,71.0,1
-12.5,152.5,71.0,1
-12.5,157.5,71.0,1
-12.5,162.5,71.0,1
-12.5,167.5,71.0,1
-12.5,172.5,71.0,1
-12.5,177.5,71.0,1
-7.5,-177.5,71.0,1
-7.5,-172.5,77.0,1
-7.5,-167.5,77.0,0
-7.5,-162.5,77.0,1
-7.5,-157.5,77.0,1
-7.5,-152.5,77.0,1
-7.5,-147.5,77.0,0
-7.5,-142.5,77.0,1
-7.5,-137.5,77.0,1
-7.5,-132.5,77.0,0
-7.5,-127.5,77.0,0
-7.5,-122.5,77.0,0
-7.5,-117.5,87.0,0
-7.5,-112.5,87.0,0
-7.5,-107.5,87.0,0
-7.5,-102.5,87.0,0
-7.5,-97.5,87.0,0
-7.5,-92.5,87.0,0
-7.5,-87.5,87.0,0
-7.5,-82.5,87.0,1
-7.5,-77.5,,0
-7.5,-72.5,,0
-7.5,-67.5,,0
-7.5,-62.5,,0
-7.5,-57.5,,0
-7.5,-52.5,,0
-7.5,-47.5,,0
-7.5,-42.5,,0
-7.5,-37.5,,0
-7.5,-32.5,41.0,1
-7.5,-27.5,41.0,0
-7.5,-22.5,41.0,0
-7.5,-17.5,47.0,1
-7.5,-12.5,47.0,1
-7.5,-7.5,47.0,0
-7.5,-2.5,47.0,0
-7.5,2.5,47.0,0
-7.5,7.5,47.0,0
-7.5,12.5,47.0,1
-7.5,17.5,,0
-7.5,22.5,,0
-7.5,27.5,,0
-7.5,32.5,,0
-7.5,37.5,,0
-7.5,42.5,51.0,1
-7.5,47.5,51.0,1
-7.5,52.5,51.0,1
-7.5,57.5,51.0,1
-7.5,62.5,51.0,0
-7.5,67.5,51.0,0
-7.5,72.5,51.0,1
-7.5,77.5,51.0,0
-7.5,82.5,57.0,0
-7.5,87.5,57.0,0
-7.5,92.5,57.0,0
-7.5,97.5,57.0,0
-7.5,102.5,57.0,1
-7.5,107.5,,0
-7.5,112.5,,0
-7.5,117.5,71.0,1
-7.5,122.5,71.0,1
-7.5,127.5,71.0,1
-7.5,132.5,71.0,1
-7.5,137.5,71.0,1
-7.5,142.5,,0
-7.5,147.5,71.0,1
-7.5,152.5,71.0,1
-7.5,157.5,71.0,1
-7.5,162.5,71.0,1
-7.5,167.5,71.0,1
-7.5,172.5,71.0,0
-7.5,177.5,71.0,1
-2.5,-177.5,71.0,1
-2.5,-172.5,77.0,1
-2.5,-167.5,77.0,0
-2.5,-162.5,77.0,1
-2.5,-157.5,77.0,1
-2.5,-152.5,77.0,1
-2.5,-147.5,77.0,0
-2.5,-142.5,77.0,0
-2.5,-137.5,77.0,0
-2.5,-132.5,77.0,0
-2.5,-127.5,77.0,0
-2.5,-122.5,77.0,0
-2.5,-117.5,87.0,0
-2.5,-112.5,87.0,0
-2.5,-107.5,87.0,0
-2.5,-102.5,87.0,0
-2.5,-97.5,87.0,0
-2.5,-92.5,87.0,1
-2.5,-87.5,87.0,1
-2.5,-82.5,87.0,1
-2.5,-77.5,,0
-2.5,-72.5,,0
-2.5,-67.5,,0
-2.5,-62.5,,0
-2.5,-57.5,,0
-2.5,-52.5,,0
-2.5,-47.5,,0
-2.5,-42.5,41.0,1
-2.5,-37.5,41.0,1
-2.5,-32.5,41.0,1
-2.5,-27.5,41.0,0
-2.5,-22.5,41.0,0
-2.5,-17.5,34.0,0
-2.5,-12.5,34.0,0
-2.5,-7.5,34.0,0
-2.5,-2.5,34.0,0
-2.5,2.5,34.0,1
-2.5,7.5,34.0,1
-2.5,12.5,,0
-2.5,17.5,,0
-2.5,22.5,,0
-2.5,27.5,,0
-2.5,32.5,,0
-2.5,37.5,,0
-2.5,42.5,51.0,1
-2.5,47.5,51.0,0
-2.5,52.5,51.0,1
-2.5,57.5,51.0,1
-2.5,62.5,51.0,0
-2.5,67.5,51.0,0
-2.5,72.5,51.0,1
-2.5,77.5,51.0,0
-2.5,82.5,57.0,0
-2.5,87.5,57.0,0
-2.5,92.5,57.0,0
-2.5,97.5,57.0,1
-2.5,102.5,,0
-2.5,107.5,71.0,1
-2.5,112.5,,0
-2.5,117.5,71.0,1
-2.5,122.5,71.0,1
-2.5,127.5,71.0,1
-2.5,132.5,71.0,1
-2.5,137.5,,0
-2.5,142.5,71.0,1
-2.5,147.5,71.0,1
-2.5,152.5,71.0,1
-2.5,157.5,71.0,1
-2.5,162.5,71.0,0
-2.5,167.5,71.0,1
-2.5,172.5,71.0,1
-2.5,177.5,71.0,1
2.5,-177.5,71.0,1
2.5,-172.5,77.0,0
2.5,-167.5,77.0,0
2.5,-162.5,77.0,1
2.5,-157.5,77.0,1
2.5,-152.5,77.0,0
2.5,-147.5,77.0,0
2.5,-142.5,77.0,0
2.5,-137.5,77.0,0
2.5,-132.5,77.0,0
2.5,-127.5,77.0,0
2.5,-122.5,77.0,0
2.5,-117.5,87.0,0
2.5,-112.5,87.0,0
2.5,-107.5,87.0,0
2.5,-102.5,87.0,0
2.5,-97.5,87.0,0
2.5,-92.5,87.0,1
2.5,-87.5,87.0,1
2.5,-82.5,87.0,1
2.5,-77.5,,0
2.5,-72.5,,0
2.5,-67.5,,0
2.5,-62.5,,0
2.5,-57.5,,0
2.5,-52.5,,0
2.5,-47.5,41.0,1
2.5,-42.5,41.0,0
2.5,-37.5,41.0,0
2.5,-32.5,41.0,0
2.5,-27.5,34.0,1
2.5,-22.5,34.0,0
2.5,-17.5,34.0,0
2.5,-12.5,34.0,0
2.5,-7.5,34.0,1
2.5,-2.5,34.0,1
2.5,2.5,34.0,0
2.5,7.5,34.0,1
2.5,12.5,,0
2.5,17.5,,0
2.5,22.5,,0
2.5,27.5,,0
2.5,32.5,,0
2.5,37.5,,0
2.5,42.5,,0
2.5,47.5,51.0,1
2.5,52.5,51.0,0
2.5,57.5,51.0,0
2.5,62.5,51.0,0
2.5,67.5,51.0,0
2.5,72.5,51.0,1
2.5,77.5,57.0,0
2.5,82.5,57.0,0
2.5,87.5,57.0,0
2.5,92.5,57.0,1
2.5,97.5,57.0,1
2.5,102.5,,0
2.5,107.5,71.0,1
2.5,112.5,,0
2.5,117.5,,0
2.5,122.5,71.0,1
2.5,127.5,71.0,1
2.5,132.5,71.0,1
2.5,137.5,71.0,0
2.5,142.5,71.0,0
2.5,147.5,71.0,0
2.5,152.5,71.0,1
2.5,157.5,71.0,1
2.5,162.5,71.0,1
2.5,167.5,71.0,1
2.5,172.5,71.0,1
2.5,177.5,71.0,0
7.5,-177.5,71.0,0
7.5,-172.5,77.0,0
7.5,-167.5,77.0,0
7.5,-162.5,77.0,1
7.5,-157.5,77.0,0
7.5,-152.5,77.0,0
7.5,-147.5,77.0,0
7.5,-142.5,77.0,0
7.5,-137.5,77.0,0
7.5,-132.5,77.0,0
7.5,-127.5,77.0,0
7.5,-122.5,77.0,0
7.5,-117.5,77.0,0
7.5,-112.5,77.0,0
7.5,-107.5,77.0,1
7.5,-102.5,77.0,0
7.5,-97.5,77.0,0
7.5,-92.5,77.0,0
7.5,-87.5,77.0,1
7.5,-82.5,77.0,1
7.5,-77.5,,0
7.5,-72.5,,0
7.5,-67.5,,0
7.5,-62.5,,0
7.5,-57.5,31.0,1
7.5,-52.5,31.0,1
7.5,-47.5,31.0,0
7.5,-42.5,31.0,0
7.5,-37.5,34.0,0
7.5,-32.5,34.0,0
7.5,-27.5,34.0,0
7.5,-22.5,34.0,0
7.5,-17.5,34.0,0
7.5,-12.5,,0
7.5,-7.5,,0
7.5,-2.5,,0
7.5,2.5,,0
7.5,7.5,,0
7.5,12.5,,0
7.5,17.5,,0
7.5,22.5,,0
7.5,27.5,,0
7.5,32.5,,0
7.5,37.5,,0
7.5,42.5,,0
7.5,47.5,,0
7.5,52.5,51.0,1
7.5,57.5,51.0,0
7.5,62.5,51.0,0
7.5,67.5,51.0,0
7.5,72.5,51.0,1
7.5,77.5,57.0,1
7.5,82.5,57.0,1
7.5,87.5,57.0,0
7.5,92.5,57.0,1
7.5,97.5,57.0,1
7.5,102.5,71.0,1
7.5,107.5,71.0,1
7.5,112.5,71.0,1
7.5,117.5,71.0,1
7.5,122.5,71.0,1
7.5,127.5,71.0,1
7.5,132.5,71.0,1
7.5,137.5,71.0,1
7.5,142.5,71.0,1
7.5,147.5,71.0,1
7.5,152.5,71.0,1
7.5,157.5,71.0,1
7.5,162.5,71.0,1
7.5,167.5,71.0,1
7.5,172.5,71.0,1
7.5,177.5,71.0,0
12.5,-177.5,71.0,0
12.5,-172.5,77.0,0
12.5,-167.5,77.0,0
12.5,-162.5,77.0,0
12.5,-157.5,77.0,0
12.5,-152.5,77.0,0
12.5,-147.5,77.0,0
12.5,-142.5,77.0,0
12.5,-137.5,77.0,0
12.5,-132.5,77.0,0
12.5,-127.5,77.0,0
12.5,-122.5,77.0,0
12.5,-117.5,77.0,0
12.5,-112.5,77.0,0
12.5,-107.5,77.0,1
12.5,-102.5,77.0,0
12.5,-97.5,77.0,1
12.5,-92.5,77.0,1
12.5,-87.5,77.0,1
12.5,-82.5,31.0,1
12.5,-77.5,31.0,1
12.5,-72.5,31.0,1
12.5,-67.5,31.0,1
12.5,-62.5,31.0,1
12.5,-57.5,31.0,1
12.5,-52.5,31.0,0
12.5,-47.5,31.0,0
12.5,-42.5,31.0,0
12.5,-37.5,34.0,0
12.5,-32.5,34.0,0
12.5,-27.5,34.0,0
12.5,-22.5,34.0,1
12.5,-17.5,34.0,1
12.5,-12.5,,0
12.5,-7.5,,0
12.5,-2.5,,0
12.5,2.5,,0
12.5,7.5,,0
12.5,12.5,,0
12.5,17.5,,0
12.5,22.5,,0
12.5,27.5,,0
12.5,32.5,,0
12.5,37.5,,0
12.5,42.5,,0
12.5,47.5,51.0,1
12.5,52.5,51.0,1
12.5,57.5,51.0,1
12.5,62.5,51.0,0
12.5,67.5,51.0,0
12.5,72.5,51.0,1
12.5,77.5,,0
12.5,82.5,57.0,1
12.5,87.5,57.0,0
12.5,92.5,57.0,1
12.5,97.5,57.0,1
12.5,102.5,,0
12.5,107.5,,0
12.5,112.5,71.0,1
12.5,117.5,71.0,1
12.5,122.5,71.0,1
12.5,127.5,71.0,1
12.5,132.5,71.0,0
12.5,137.5,71.0,1
12.5,142.5,71.0,1
12.5,147.5,71.0,1
12.5,152.5,71.0,0
12.5,157.5,71.0,0
12.5,162.5,71.0,1
12.5,167.5,71.0,1
12.5,172.5,71.0,1
12.5,177.5,71.0,0
17.5,-177.5,71.0,0
17.5,-172.5,77.0,1
17.5,-167.5,77.0,1
17.5,-162.5,77.0,0
17.5,-157.5,77.0,1
17.5,-152.5,77.0,1
17.5,-147.5,77.0,0
17.5,-142.5,77.0,0
17.5,-137.5,77.0,0
17.5,-132.5,77.0,0
17.5,-127.5,77.0,0
17.5,-122.5,77.0,0
17.5,-117.5,77.0,1
17.5,-112.5,77.0,1
17.5,-107.5,77.0,1
17.5,-102.5,77.0,1
17.5,-97.5,,0
17.5,-92.5,,0
17.5,-87.5,31.0,1
17.5,-82.5,31.0,1
17.5,-77.5,31.0,1
17.5,-72.5,31.0,1
17.5,-67.5,31.0,1
17.5,-62.5,31.0,1
17.5,-57.5,31.0,0
17.5,-52.5,31.0,0
17.5,-47.5,31.0,0
17.5,-42.5,31.0,0
17.5,-37.5,34.0,0
17.5,-32.5,34.0,0
17.5,-27.5,34.0,1
17.5,-22.5,34.0,1
17.5,-17.5,34.0,1
17.5,-12.5,,0
17.5,-7.5,,0
17.5,-2.5,,0
17.5,2.5,,0
17.5,7.5,,0
17.5,12.5,,0
17.5,17.5,,0
17.5,22.5,,0
17.5,27.5,,0
17.5,32.5,,0
17.5,37.5,,0
17.5,42.5,,0
17.5,47.5,,0
17.5,52.5,,0
17.5,57.5,51.0,1
17.5,62.5,51.0,0
17.5,67.5,51.0,0
17.5,72.5,51.0,1
17.5,77.5,,0
17.5,82.5,,0
17.5,87.5,57.0,1
17.5,92.5,57.0,1
17.5,97.5,,0
17.5,102.5,,0
17.5,107.5,61.0,1
17.5,112.5,61.0,1
17.5,117.5,71.0,1
17.5,122.5,71.0,1
17.5,127.5,71.0,0
17.5,132.5,71.0,0
17.5,137.5,71.0,1
17.5,142.5,71.0,1
17.5,147.5,71.0,1
17.5,152.5,71.0,0
17.5,157.5,71.0,0
17.5,162.5,71.0,0
17.5,167.5,71.0,1
17.5,172.5,71.0,0
17.5,177.5,71.0,0
22.5,-177.5,61.0,0
22.5,-172.5,77.0,1
22.5,-167.5,77.0,1
22.5,-162.5,77.0,1
22.5,-157.5,77.0,1
22.5,-152.5,77.0,0
22.5,-147.5,77.0,0
22.5,-142.5,77.0,0
22.5,-137.5,77.0,0
22.5,-132.5,77.0,0
22.5,-127.5,77.0,0
22.5,-122.5,77.0,0
22.5,-117.5,77.0,0
22.5,-112.5,77.0,1
22.5,-107.5,77.0,1
22.5,-102.5,,0
22.5,-97.5,31.0,1
22.5,-92.5,31.0,1
22.5,-87.5,31.0,1
22.5,-82.5,31.0,1
22.5,-77.5,31.0,1
22.5,-72.5,31.0,1
22.5,-67.5,31.0,1
22.5,-62.5,31.0,0
22.5,-57.5,31.0,0
22.5,-52.5,31.0,0
22.5,-47.5,31.0,0
22.5,-42.5,31.0,0
22.5,-37.5,34.0,0
22.5,-32.5,34.0,0
22.5,-27.5,34.0,0
22.5,-22.5,34.0,0
22.5,-17.5,34.0,1
22.5,-12.5,,0
22.5,-7.5,,0
22.5,-2.5,,0
22.5,2.5,,0
22.5,7.5,,0
22.5,12.5,,0
22.5,17.5,,0
22.5,22.5,,0
22.5,27.5,,0
22.5,32.5,,0
22.5,37.5,51.0,1
22.5,42.5,,0
22.5,47.5,,0
22.5,52.5,,0
22.5,57.5,,0
22.5,62.5,51.0,1
22.5,67.5,51.0,1
22.5,72.5,,0
22.5,77.5,,0
22.5,82.5,,0
22.5,87.5,,0
22.5,92.5,,0
22.5,97.5,,0
22.5,102.5,,0
22.5,107.5,,0
22.5,112.5,,0
22.5,117.5,61.0,1
22.5,122.5,61.0,1
22.5,127.5,61.0,1
22.5,132.5,61.0,1
22.5,137.5,61.0,1
22.5,142.5,61.0,1
22.5,147.5,61.0,1
22.5,152.5,61.0,1
22.5,157.5,61.0,0
22.5,162.5,61.0,0
22.5,167.5,61.0,1
22.5,172.5,61.0,0
22.5,177.5,61.0,0
27.5,-177.5,61.0,1
27.5,-172.5,77.0,1
27.5,-167.5,77.0,1
27.5,-162.5,77.0,0
27.5,-157.5,77.0,0
27.5,-152.5,77.0,0
27.5,-147.5,77.0,0
27.5,-142.5,77.0,0
27.5,-137.5,77.0,0
27.5,-132.5,77.0,0
27.5,-127.5,77.0,0
27.5,-122.5,77.0,0
27.5,-117.5,77.0,1
27.5,-112.5,,0
27.5,-107.5,,0
27.5,-102.5,,0
27.5,-97.5,,0
27.5,-92.5,31.0,1
27.5,-87.5,31.0,1
27.5,-82.5,,0
27.5,-77.5,31.0,1
27.5,-72.5,31.0,0
27.5,-67.5,31.0,0
27.5,-62.5,31.0,0
27.5,-57.5,31.0,0
27.5,-52.5,31.0,0
27.5,-47.5,31.0,0
27.5,-42.5,31.0,0
27.5,-37.5,34.0,0
27.5,-32.5,34.0,0
27.5,-27.5,34.0,0
27.5,-22.5,34.0,0
27.5,-17.5,34.0,1
27.5,-12.5,,0
27.5,-7.5,,0
27.5,-2.5,,0
27.5,2.5,,0
27.5,7.5,,0
27.5,12.5,,0
27.5,17.5,,0
27.5,22.5,,0
27.5,27.5,,0
27.5,32.5,,0
27.5,37.5,,0
27.5,42.5,,0
27.5,47.5,,0
27.5,52.5,51.0,1
27.5,57.5,,0
27.5,62.5,,0
27.5,67.5,,0
27.5,72.5,,0
27.5,77.5,,0
27.5,82.5,,0
27.5,87.5,,0
27.5,92.5,,0
27.5,97.5,,0
27.5,102.5,,0
27.5,107.5,,0
27.5,112.5,,0
27.5,117.5,,0
27.5,122.5,61.0,1
27.5,127.5,61.0,1
27.5,132.5,61.0,1
27.5,137.5,61.0,1
27.5,142.5,61.0,1
27.5,147.5,61.0,0
27.5,152.5,61.0,0
27.5,157.5,61.0,0
27.5,162.5,61.0,0
27.5,167.5,61.0,0
27.5,172.5,61.0,0
27.5,177.5,61.0,0
32.5,-177.5,61.0,0
32.5,-172.5,77.0,0
32.5,-167.5,77.0,0
32.5,-162.5,77.0,0
32.5,-157.5,77.0,0
32.5,-152.5,77.0,0
32.5,-147.5,77.0,0
32.5,-142.5,77.0,0
32.5,-137.5,77.0,0
32.5,-132.5,77.0,0
32.5,-127.5,77.0,0
32.5,-122.5,77.0,1
32.5,-117.5,77.0,1
32.5,-112.5,,0
32.5,-107.5,,0
32.5,-102.5,,0
32.5,-97.5,,0
32.5,-92.5,,0
32.5,-87.5,,0
32.5,-82.5,,0
32.5,-77.5,31.0,1
32.5,-72.5,31.0,0
32.5,-67.5,31.0,1
32.5,-62.5,31.0,1
32.5,-57.5,31.0,0
32.5,-52.5,31.0,0
32.5,-47.5,31.0,0
32.5,-42.5,31.0,0
32.5,-37.5,34.0,0
32.5,-32.5,34.0,0
32.5,-27.5,34.0,0
32.5,-22.5,34.0,0
32.5,-17.5,34.0,1
32.5,-12.5,34.0,1
32.5,-7.5,,0
32.5,-2.5,,0
32.5,2.5,,0
32.5,7.5,,0
32.5,12.5,,0
32.5,17.5,37.0,1
32.5,22.5,,0
32.5,27.5,37.0,1
32.5,32.5,37.0,1
32.5,37.5,,0
32.5,42.5,,0
32.5,47.5,,0
32.5,52.5,,0
32.5,57.5,,0
32.5,62.5,,0
32.5,67.5,,0
32.5,72.5,,0
32.5,77.5,,0
32.5,82.5,,0
32.5,87.5,,0
32.5,92.5,,0
32.5,97.5,,0
32.5,102.5,,0
32.5,107.5,,0
32.5,112.5,,0
32.5,117.5,,0
32.5,122.5,61.0,1
32.5,127.5,61.0,1
32.5,132.5,61.0,1
32.5,137.5,61.0,1
32.5,142.5,61.0,1
32.5,147.5,61.0,0
32.5,152.5,61.0,0
32.5,157.5,61.0,0
32.5,162.5,61.0,0
32.5,167.5,61.0,0
32.5,172.5,61.0,0
32.5,177.5,61.0,0
37.5,-177.5,61.0,0
37.5,-172.5,77.0,0
37.5,-167.5,77.0,0
37.5,-162.5,77.0,0
37.5,-157.5,77.0,0
37.5,-152.5,77.0,0
37.5,-147.5,77.0,0
37.5,-142.5,77.0,0
37.5,-137.5,77.0,0
37.5,-132.5,77.0,0
37.5,-127.5,77.0,1
37.5,-122.5,77.0,1
37.5,-117.5,,0
37.5,-112.5,,0
37.5,-107.5,,0
37.5,-102.5,,0
37.5,-97.5,,0
37.5,-92.5,,0
37.5,-87.5,,0
37.5,-82.5,,0
37.5,-77.5,,0
37.5,-72.5,21.0,1
37.5,-67.5,21.0,0
37.5,-62.5,21.0,0
37.5,-57.5,21.0,0
37.5,-52.5,21.0,0
37.5,-47.5,21.0,0
37.5,-42.5,21.0,0
37.5,-37.5,27.0,0
37.5,-32.5,27.0,1
37.5,-27.5,27.0,1
37.5,-22.5,27.0,1
37.5,-17.5,27.0,0
37.5,-12.5,27.0,1
37.5,-7.5,,0
37.5,-2.5,,0
37.5,2.5,37.0,1
37.5,7.5,37.0,1
37.5,12.5,37.0,1
37.5,17.5,37.0,1
37.5,22.5,,0
37.5,27.5,,0
37.5,32.5,,0
37.5,37.5,,0
37.5,42.5,,0
37.5,47.5,,0
37.5,52.5,,1
37.5,57.5,,0
37.5,62.5,,0
37.5,67.5,,0
37.5,72.5,,0
37.5,77.5,,0
37.5,82.5,,0
37.5,87.5,,0
37.5,92.5,,0
37.5,97.5,,0
37.5,102.5,,0
37.5,107.5,,0
37.5,112.5,,0
37.5,117.5,,0
37.5,122.5,61.0,1
37.5,127.5,,0
37.5,132.5,61.0,1
37.5,137.5,61.0,1
37.5,142.5,61.0,1
37.5,147.5,61.0,0
37.5,152.5,61.0,0
37.5,157.5,61.0,0
37.5,162.5,61.0,0
37.5,167.5,61.0,0
37.5,172.5,61.0,0
37.5,177.5,61.0,0
42.5,-177.5,61.0,0
42.5,-172.5,67.0,0
42.5,-167.5,67.0,0
42.5,-162.5,67.0,0
42.5,-157.5,67.0,0
42.5,-152.5,67.0,0
42.5,-147.5,67.0,0
42.5,-142.5,67.0,0
42.5,-137.5,67.0,0
42.5,-132.5,67.0,0
42.5,-127.5,67.0,1
42.5,-122.5,,0
42.5,-117.5,,0
42.5,-112.5,,0
42.5,-107.5,,0
42.5,-102.5,,0
42.5,-97.5,,0
42.5,-92.5,,0
42.5,-87.5,,0
42.5,-82.5,,0
42.5,-77.5,,0
42.5,-72.5,,0
42.5,-67.5,21.0,1
42.5,-62.5,21.0,1
42.5,-57.5,21.0,1
42.5,-52.5,21.0,0
42.5,-47.5,21.0,0
42.5,-42.5,21.0,0
42.5,-37.5,27.0,0
42.5,-32.5,27.0,1
42.5,-27.5,27.0,0
42.5,-22.5,27.0,0
42.5,-17.5,27.0,0
42.5,-12.5,27.0,1
42.5,-7.5,,0
42.5,-2.5,,0
42.5,2.5,,0
42.5,7.5,37.0,1
42.5,12.5,,0
42.5,17.5,37.0,1
42.5,22.5,,0
42.5,27.5,37.0,1
42.5,32.5,37.0,1
42.5,37.5,37.0,1
42.5,42.5,,0
42.5,47.5,,0
42.5,52.5,,1
42.5,57.5,,0
42.5,62.5,,0
42.5,67.5,,0
42.5,72.5,,0
42.5,77.5,,0
42.5,82.5,,0
42.5,87.5,,0
42.5,92.5,,0
42.5,97.5,,0
42.5,102.5,,0
42.5,107.5,,0
42.5,112.5,,0
42.5,117.5,,0
42.5,122.5,,0
42.5,127.5,,0
42.5,132.5,61.0,1
42.5,137.5,61.0,1
42.5,142.5,,0
42.5,147.5,61.0,1
42.5,152.5,61.0,0
42.5,157.5,61.0,0
42.5,162.5,61.0,0
42.5,167.5,61.0,0
42.5,172.5,61.0,0
42.5,177.5,61.0,0
47.5,-177.5,61.0,0
47.5,-172.5,67.0,0
47.5,-167.5,67.0,0
47.5,-162.5,67.0,0
47.5,-157.5,67.0,0
47.5,-152.5,67.0,0
47.5,-147.5,67.0,0
47.5,-142.5,67.0,0
47.5,-137.5,67.0,0
47.5,-132.5,67.0,0
47.5,-127.5,67.0,1
47.5,-122.5,67.0,1
47.5,-117.5,,0
47.5,-112.5,,0
47.5,-107.5,,0
47.5,-102.5,,0
47.5,-97.5,,0
47.5,-92.5,,0
47.5,-87.5,,0
47.5,-82.5,,0
47.5,-77.5,,0
47.5,-72.5,,0
47.5,-67.5,,0
47.5,-62.5,21.0,1
47.5,-57.5,21.0,1
47.5,-52.5,21.0,1
47.5,-47.5,21.0,0
47.5,-42.5,21.0,0
47.5,-37.5,27.0,0
47.5,-32.5,27.0,0
47.5,-27.5,27.0,0
47.5,-22.5,27.0,0
47.5,-17.5,27.0,0
47.5,-12.5,27.0,0
47.5,-7.5,27.0,1
47.5,-2.5,27.0,1
47.5,2.5,,0
47.5,7.5,,0
47.5,12.5,,0
47.5,17.5,,0
47.5,22.5,,0
47.5,27.5,,0
47.5,32.5,,0
47.5,37.5,,0
47.5,42.5,,0
47.5,47.5,,0
47.5,52.5,,0
47.5,57.5,,0
47.5,62.5,,0
47.5,67.5,,0
47.5,72.5,,0
47.5,77.5,,0
47.5,82.5,,0
47.5,87.5,,0
47.5,92.5,,0
47.5,97.5,,0
47.5,102.5,,0
47.5,107.5,,0
47.5,112.5,,0
47.5,117.5,,0
47.5,122.5,,0
47.5,127.5,,0
47.5,132.5,,0
47.5,137.5,,0
47.5,142.5,,0
47.5,147.5,61.0,1
47.5,152.5,61.0,1
47.5,157.5,61.0,1
47.5,162.5,61.0,0
47.5,167.5,61.0,0
47.5,172.5,61.0,0
47.5,177.5,61.0,0
52.5,-177.5,61.0,1
52.5,-172.5,67.0,1
52.5,-167.5,67.0,1
52.5,-162.5,67.0,1
52.5,-157.5,67.0,1
52.5,-152.5,67.0,0
52.5,-147.5,67.0,0
52.5,-142.5,67.0,0
52.5,-137.5,67.0,1
52.5,-132.5,67.0,1
52.5,-127.5,,0
52.5,-122.5,,0
52.5,-117.5,,0
52.5,-112.5,,0
52.5,-107.5,,0
52.5,-102.5,,0
52.5,-97.5,,0
52.5,-92.5,,0
52.5,-87.5,,0
52.5,-82.5,,0
52.5,-77.5,,0
52.5,-72.5,,0
52.5,-67.5,,0
52.5,-62.5,,0
52.5,-57.5,,0
52.5,-52.5,21.0,1
52.5,-47.5,21.0,0
52.5,-42.5,21.0,0
52.5,-37.5,27.0,0
52.5,-32.5,27.0,0
52.5,-27.5,27.0,0
52.5,-22.5,27.0,0
52.5,-17.5,27.0,0
52.5,-12.5,27.0,1
52.5,-7.5,,0
52.5,-2.5,,0
52.5,2.5,27.0,1
52.5,7.5,,0
52.5,12.5,,0
52.5,17.5,,0
52.5,22.5,,0
52.5,27.5,,0
52.5,32.5,,0
52.5,37.5,,0
52.5,42.5,,0
52.5,47.5,,0
52.5,52.5,,0
52.5,57.5,,0
52.5,62.5,,0
52.5,67.5,,0
52.5,72.5,,0
52.5,77.5,,0
52.5,82.5,,0
52.5,87.5,,0
52.5,92.5,,0
52.5,97.5,,0
52.5,102.5,,0
52.5,107.5,,0
52.5,112.5,,0
52.5,117.5,,0
52.5,122.5,,0
52.5,127.5,,0
52.5,132.5,,0
52.5,137.5,,0
52.5,142.5,,0
52.5,147.5,61.0,1
52.5,152.5,61.0,1
52.5,157.5,,0
52.5,162.5,61.0,1
52.5,167.5,61.0,1
52.5,172.5,61.0,1
52.5,177.5,61.0,1
57.5,-177.5,61.0,0
57.5,-172.5,67.0,1
57.5,-167.5,67.0,1
57.5,-162.5,67.0,1
57.5,-157.5,67.0,0
57.5,-152.5,,0
57.5,-147.5,67.0,1
57.5,-142.5,67.0,1
57.5,-137.5,67.0,1
57.5,-132.5,,0
57.5,-127.5,,0
57.5,-122.5,,0
57.5,-117.5,,0
57.5,-112.5,,0
57.5,-107.5,,0
57.5,-102.5,,0
57.5,-97.5,,0
57.5,-92.5,,0
57.5,-87.5,18.0,1
57.5,-82.5,18.0,1
57.5,-77.5,18.0,1
57.5,-72.5,,0
57.5,-67.5,,0
57.5,-62.5,,0
57.5,-57.5,21.0,1
57.5,-52.5,21.0,0
57.5,-47.5,21.0,1
57.5,-42.5,21.0,1
57.5,-37.5,27.0,0
57.5,-32.5,27.0,0
57.5,-27.5,27.0,0
57.5,-22.5,27.0,0
57.5,-17.5,27.0,0
57.5,-12.5,27.0,1
57.5,-7.5,27.0,1
57.5,-2.5,,0
57.5,2.5,27.0,1
57.5,7.5,27.0,1
57.5,12.5,,0
57.5,17.5,27.0,1
57.5,22.5,,0
57.5,27.5,,0
57.5,32.5,,0
57.5,37.5,,0
57.5,42.5,,0
57.5,47.5,,0
57.5,52.5,,0
57.5,57.5,,0
57.5,62.5,,0
57.5,67.5,,0
57.5,72.5,,0
57.5,77.5,,0
57.5,82.5,,0
57.5,87.5,,0
57.5,92.5,,0
57.5,97.5,,0
57.5,102.5,,0
57.5,107.5,,0
57.5,112.5,,0
57.5,117.5,,0
57.5,122.5,,0
57.5,127.5,,0
57.5,132.5,,0
57.5,137.5,,0
57.5,142.5,61.0,1
57.5,147.5,61.0,1
57.5,152.5,61.0,1
57.5,157.5,,0
57.5,162.5,,0
57.5,167.5,61.0,1
57.5,172.5,61.0,1
57.5,177.5,61.0,0
62.5,-177.5,61.0,1
62.5,-172.5,67.0,1
62.5,-167.5,67.0,1
62.5,-162.5,,0
62.5,-157.5,,0
62.5,-152.5,,0
62.5,-147.5,,0
62.5,-142.5,,0
62.5,-137.5,,0
62.5,-132.5,,0
62.5,-127.5,,0
62.5,-122.5,,0
62.5,-117.5,,0
62.5,-112.5,,0
62.5,-107.5,,0
62.5,-102.5,,0
62.5,-97.5,,0
62.5,-92.5,18.0,1
62.5,-87.5,18.0,1
62.5,-82.5,,0
62.5,-77.5,,0
62.5,-72.5,18.0,1
62.5,-67.5,,0
62.5,-62.5,21.0,1
62.5,-57.5,21.0,1
62.5,-52.5,21.0,1
62.5,-47.5,,0
62.5,-42.5,,1
62.5,-37.5,27.0,1
62.5,-32.5,27.0,0
62.5,-27.5,27.0,1
62.5,-22.5,27.0,1
62.5,-17.5,27.0,1
62.5,-12.5,27.0,1
62.5,-7.5,27.0,1
62.5,-2.5,27.0,1
62.5,2.5,27.0,1
62.5,7.5,,0
62.5,12.5,,0
62.5,17.5,,0
62.5,22.5,,0
62.5,27.5,,0
62.5,32.5,,0
62.5,37.5,,0
62.5,42.5,,0
62.5,47.5,,0
62.5,52.5,,0
62.5,57.5,,0
62.5,62.5,,0
62.5,67.5,,0
62.5,72.5,,0
62.5,77.5,,0
62.5,82.5,,0
62.5,87.5,,0
62.5,92.5,,0
62.5,97.5,,0
62.5,102.5,,0
62.5,107.5,,0
62.5,112.5,,0
62.5,117.5,,0
62.5,122.5,,0
62.5,127.5,,0
62.5,132.5,,0
62.5,137.5,,0
62.5,142.5,,0
62.5,147.5,,0
62.5,152.5,,0
62.5,157.5,,0
62.5,162.5,,0
62.5,167.5,,0
62.5,172.5,,0
62.5,177.5,61.0,1
67.5,-177.5,,0
67.5,-172.5,18.0,1
67.5,-167.5,18.0,1
67.5,-162.5,,0
67.5,-157.5,,0
67.5,-152.5,,0
67.5,-147.5,,0
67.5,-142.5,,0
67.5,-137.5,,0
67.5,-132.5,,0
67.5,-127.5,,0
67.5,-122.5,,0
67.5,-117.5,,0
67.5,-112.5,,0
67.5,-107.5,,0
67.5,-102.5,,0
67.5,-97.5,,0
67.5,-92.5,,0
67.5,-87.5,18.0,1
67.5,-82.5,,0
67.5,-77.5,18.0,1
67.5,-72.5,18.0,1
67.5,-67.5,,0
67.5,-62.5,21.0,1
67.5,-57.5,21.0,1
67.5,-52.5,,0
67.5,-47.5,,0
67.5,-42.5,,0
67.5,-37.5,,0
67.5,-32.5,27.0,1
67.5,-27.5,27.0,1
67.5,-22.5,27.0,1
67.5,-17.5,27.0,1
67.5,-12.5,27.0,1
67.5,-7.5,27.0,1
67.5,-2.5,27.0,0
67.5,2.5,27.0,0
67.5,7.5,27.0,1
67.5,12.5,27.0,1
67.5,17.5,,0
67.5,22.5,,0
67.5,27.5,,0
67.5,32.5,,0
67.5,37.5,,0
67.5,42.5,27.0,1
67.5,47.5,27.0,1
67.5,52.5,,0
67.5,57.5,,0
67.5,62.5,,0
67.5,67.5,,0
67.5,72.5,,0
67.5,77.5,,0
67.5,82.5,,0
67.5,87.5,,0
67.5,92.5,,0
67.5,97.5,,0
67.5,102.5,,0
67.5,107.5,,0
67.5,112.5,,0
67.5,117.5,,0
67.5,122.5,,0
67.5,127.5,,0
67.5,132.5,,0
67.5,137.5,,0
67.5,142.5,,0
67.5,147.5,,0
67.5,152.5,,0
67.5,157.5,,0
67.5,162.5,,0
67.5,167.5,,0
67.5,172.5,,0
67.5,177.5,,0
72.5,-177.5,18.0,1
72.5,-172.5,18.0,1
72.5,-167.5,18.0,1
72.5,-162.5,18.0,1
72.5,-157.5,18.0,1
72.5,-152.5,18.0,1
72.5,-147.5,18.0,1
72.5,-142.5,18.0,1
72.5,-137.5,18.0,1
72.5,-132.5,18.0,1
72.5,-127.5,18.0,1
72.5,-122.5,,0
72.5,-117.5,,0
72.5,-112.5,,0
72.5,-107.5,,0
72.5,-102.5,18.0,1
72.5,-97.5,,0
72.5,-92.5,18.0,1
72.5,-87.5,,0
72.5,-82.5,,0
72.5,-77.5,,0
72.5,-72.5,21.0,1
72.5,-67.5,21.0,1
72.5,-62.5,21.0,1
72.5,-57.5,21.0,1
72.5,-52.5,,0
72.5,-47.5,,0
72.5,-42.5,,0
72.5,-37.5,,0
72.5,-32.5,,0
72.5,-27.5,,0
72.5,-22.5,,0
72.5,-17.5,27.0,1
72.5,-12.5,27.0,1
72.5,-7.5,27.0,1
72.5,-2.5,27.0,1
72.5,2.5,27.0,0
72.5,7.5,27.0,0
72.5,12.5,27.0,1
72.5,17.5,27.0,1
72.5,22.5,27.0,1
72.5,27.5,27.0,1
72.5,32.5,27.0,1
72.5,37.5,27.0,1
72.5,42.5,27.0,1
72.5,47.5,27.0,1
72.5,52.5,27.0,1
72.5,57.5,18.0,1
72.5,62.5,18.0,1
72.5,67.5,18.0,1
72.5,72.5,,0
72.5,77.5,,0
72.5,82.5,,0
72.5,87.5,,0
72.5,92.5,,0
72.5,97.5,,0
72.5,102.5,,0
72.5,107.5,,0
72.5,112.5,,0
72.5,117.5,,0
72.5,122.5,,0
72.5,127.5,,0
72.5,132.5,18.0,1
72.5,137.5,18.0,1
72.5,142.5,,0
72.5,147.5,18.0,1
72.5,152.5,18.0,1
72.5,157.5,18.0,1
72.5,162.5,18.0,1
72.5,167.5,18.0,1
72.5,172.5,18.0,1
72.5,177.5,18.0,1
77.5,-177.5,18.0,0
77.5,-172.5,18.0,0
77.5,-167.5,18.0,0
77.5,-162.5,18.0,0
77.5,-157.5,18.0,0
77.5,-152.5,18.0,0
77.5,-147.5,18.0,0
77.5,-142.5,18.0,0
77.5,-137.5,18.0,0
77.5,-132.5,18.0,1
77.5,-127.5,18.0,1
77.5,-122.5,18.0,1
77.5,-117.5,18.0,1
77.5,-112.5,,0
77.5,-107.5,18.0,1
77.5,-102.5,18.0,1
77.5,-97.5,18.0,1
77.5,-92.5,18.0,1
77.5,-87.5,,0
77.5,-82.5,,0
77.5,-77.5,21.0,1
77.5,-72.5,21.0,1
77.5,-67.5,21.0,1
77.5,-62.5,,0
77.5,-57.5,,0
77.5,-52.5,,0
77.5,-47.5,,0
77.5,-42.5,,0
77.5,-37.5,,0
77.5,-32.5,,0
77.5,-27.5,,0
77.5,-22.5,,0
77.5,-17.5,27.0,1
77.5,-12.5,27.0,1
77.5,-7.5,27.0,1
77.5,-2.5,27.0,1
77.5,2.5,27.0,1
77.5,7.5,27.0,1
77.5,12.5,27.0,1
77.5,17.5,,0
77.5,22.5,27.0,1
77.5,27.5,27.0,1
77.5,32.5,27.0,1
77.5,37.5,27.0,1
77.5,42.5,27.0,1
77.5,47.5,27.0,1
77.5,52.5,27.0,1
77.5,57.5,27.0,1
77.5,62.5,27.0,1
77.5,67.5,27.0,1
77.5,72.5,18.0,1
77.5,77.5,18.0,1
77.5,82.5,18.0,1
77.5,87.5,18.0,1
77.5,92.5,18.0,1
77.5,97.5,18.0,1
77.5,102.5,18.0,0
77.5,107.5,18.0,1
77.5,112.5,18.0,1
77.5,117.5,18.0,1
77.5,122.5,18.0,1
77.5,127.5,18.0,1
77.5,132.5,18.0,1
77.5,137.5,18.0,1
77.5,142.5,18.0,1
77.5,147.5,18.0,1
77.5,152.5,18.0,1
77.5,157.5,18.0,1
77.5,162.5,18.0,1
77.5,167.5,18.0,1
77.5,172.5,18.0,1
77.5,177.5,18.0,0
82.5,-177.5,18.0,0
82.5,-172.5,18.0,0
82.5,-167.5,18.0,0
82.5,-162.5,18.0,0
82.5,-157.5,18.0,0
82.5,-152.5,18.0,0
82.5,-147.5,18.0,0
82.5,-142.5,18.0,0
82.5,-137.5,18.0,0
82.5,-132.5,18.0,0
82.5,-127.5,18.0,0
82.5,-122.5,18.0,0
82.5,-117.5,18.0,0
82.5,-112.5,18.0,1
82.5,-107.5,18.0,1
82.5,-102.5,18.0,1
82.5,-97.5,18.0,1
82.5,-92.5,18.0,1
82.5,-87.5,18.0,1
82.5,-82.5,,1
82.5,-77.5,,0
82.5,-72.5,,0
82.5,-67.5,,0
82.5,-62.5,,0
82.5,-57.5,18.0,1
82.5,-52.5,18.0,1
82.5,-47.5,18.0,0
82.5,-42.5,,0
82.5,-37.5,,0
82.5,-32.5,,0
82.5,-27.5,,0
82.5,-22.5,,0
82.5,-17.5,27.0,1
82.5,-12.5,27.0,1
82.5,-7.5,27.0,1
82.5,-2.5,27.0,1
82.5,2.5,27.0,1
82.5,7.5,27.0,1
82.5,12.5,27.0,1
82.5,17.5,27.0,1
82.5,22.5,27.0,1
82.5,27.5,27.0,1
82.5,32.5,27.0,1
82.5,37.5,27.0,1
82.5,42.5,27.0,1
82.5,47.5,27.0,1
82.5,52.5,27.0,1
82.5,57.5,27.0,1
82.5,62.5,27.0,1
82.5,67.5,27.0,1
82.5,72.5,18.0,1
82.5,77.5,18.0,1
82.5,82.5,18.0,1
82.5,87.5,18.0,1
82.5,92.5,18.0,1
82.5,97.5,18.0,1
82.5,102.5,18.0,1
82.5,107.5,18.0,1
82.5,112.5,18.0,1
82.5,117.5,18.0,1
82.5,122.5,18.0,0
82.5,127.5,18.0,0
82.5,132.5,18.0,0
82.5,137.5,18.0,0
82.5,142.5,18.0,0
82.5,147.5,18.0,0
82.5,152.5,18.0,0
82.5,157.5,18.0,0
82.5,162.5,18.0,0
82.5,167.5,18.0,0
82.5,172.5,18.0,0
82.5,177.5,18.0,0
87.5,-177.5,18.0,0
87.5,-172.5,18.0,0
87.5,-167.5,18.0,0
87.5,-162.5,18.0,0
87.5,-157.5,18.0,0
87.5,-152.5,18.0,0
87.5,-147.5,18.0,0
87.5,-142.5,18.0,0
87.5,-137.5,18.0,0
87.5,-132.5,18.0,0
87.5,-127.5,18.0,0
87.5,-122.5,18.0,0
87.5,-117.5,18.0,0
87.5,-112.5,18.0,0
87.5,-107.5,18.0,0
87.5,-102.5,18.0,0
87.5,-97.5,18.0,0
87.5,-92.5,18.0,0
87.5,-87.5,18.0,0
87.5,-82.5,18.0,0
87.5,-77.5,18.0,0
87.5,-72.5,18.0,0
87.5,-67.5,18.0,0
87.5,-62.5,18.0,0
87.5,-57.5,18.0,0
87.5,-52.5,18.0,0
87.5,-47.5,18.0,0
87.5,-42.5,18.0,0
87.5,-37.5,27.0,0
87.5,-32.5,27.0,0
87.5,-27.5,27.0,0
87.5,-22.5,27.0,0
87.5,-17.5,27.0,0
87.5,-12.5,27.0,0
87.5,-7.5,27.0,0
87.5,-2.5,27.0,0
87.5,2.5,27.0,0
87.5,7.5,27.0,0
87.5,12.5,27.0,0
87.5,17.5,27.0,0
87.5,22.5,27.0,0
87.5,27.5,27.0,0
87.5,32.5,27.0,0
87.5,37.5,27.0,0
87.5,42.5,27.0,0
87.5,47.5,27.0,0
87.5,52.5,27.0,0
87.5,57.5,27.0,0
87.5,62.5,27.0,0
87.5,67.5,27.0,0
87.5,72.5,18.0,0
87.5,77.5,18.0,0
87.5,82.5,18.0,0
87.5,87.5,18.0,0
87.5,92.5,18.0,0
87.5,97.5,18.0,0
87.5,102.5,18.0,0
87.5,107.5,18.0,0
87.5,112.5,18.0,0
87.5,117.5,18.0,0
87.5,122.5,18.0,0
87.5,127.5,18.0,0
87.5,132.5,18.0,0
87.5,137.5,18.0,0
87.5,142.5,18.0,0
87.5,147.5,18.0,0
87.5,152.5,18.0,0
87.5,157.5,18.0,0
87.5,162.5,18.0,0
87.5,167.5,18.0,0
87.5,172.5,18.0,0
87.5,177.5,18.0,0
